dataset,model,sigma,seed,window,stride,latent,n_params,epochs,elapsed_sec,test_r2,test_rmse,test_mae,delta_test_pct,mse_test_noisy,mse_test_recovered
beer,LSTM-AE,0.1,2023,6,2,4,2597,300,102.86,0.45477888263423494,0.13347400006956187,0.10015510122368318,-35.320829197794026,0.013165237606199818,0.0178153086945694
beer,LSTM-AE,0.1,2024,6,2,4,2597,300,135.39,0.43868310617948925,0.1354298502949917,0.09952539452845775,-39.315710810160724,0.013165237606199818,0.018341244350923862
beer,LSTM-AE,0.1,2025,6,2,4,2597,300,118.6,0.41630656660855103,0.13810288319248268,0.09959163190694824,-44.86944266843216,0.013165237606199818,0.019072406346076515
beer,LSTM-AE,0.1,2026,6,2,4,2597,300,137.54,0.43083721374179784,0.13637306145041586,0.09869738411952854,-41.26301739211187,0.013165237606199818,0.0185976118893589
beer,LSTM-AE,0.1,2027,6,2,4,2597,300,119.87,0.4319884396976398,0.13623507309286167,0.1024294645084392,-40.977289554402184,0.013165237606199818,0.018559995140617364
beer,LSTM-AE,0.2,2023,6,2,4,2597,300,105.32,0.26058368493497164,0.1554371612840818,0.1156752374430722,54.120252458117776,0.05266095042479927,0.024160711108053658
beer,LSTM-AE,0.2,2024,6,2,4,2597,300,100.36,0.28114059511310086,0.15326123515024404,0.1136147532751269,55.39577996542031,0.05266095042479927,0.023489006199778395
beer,LSTM-AE,0.2,2025,6,2,4,2597,300,109.62,0.282109609910139,0.1531579030621421,0.11387375022294678,55.45590597744717,0.05266095042479927,0.02345734327039252
beer,LSTM-AE,0.2,2026,6,2,4,2597,300,95.55,0.27425440919434774,0.15399355493129324,0.11489175424889592,54.96850176633017,0.05266095042479927,0.02371401496037723
beer,LSTM-AE,0.2,2027,6,2,4,2597,300,99.03,0.29115053942891367,0.1521904314926858,0.11414821544688093,56.01688300137022,0.05266095042479927,0.023161927437929886
beer,LSTM-AE,0.3,2023,6,2,4,2597,300,157.54,0.10359820967566447,0.17114400836343954,0.12879425806019082,75.27978818592888,0.11848713845579832,0.029290271598705068
beer,LSTM-AE,0.3,2024,6,2,4,2597,300,76.95,0.0910354630730994,0.17233909641275302,0.12853113290754475,74.9333433658337,0.11848713845579832,0.029700764152364185
beer,LSTM-AE,0.3,2025,6,2,4,2597,300,82.87,0.14361625895659447,0.16728020361492216,0.12566474775132025,76.38337216499768,0.11848713845579832,0.027982666521449814
beer,LSTM-AE,0.3,2026,6,2,4,2597,300,91.6,0.14391170132296294,0.16725134626976093,0.1262683056559555,76.3915196251593,0.11848713845579832,0.027973012829047475
beer,LSTM-AE,0.3,2027,6,2,4,2597,300,85.69,0.15533985063895617,0.16613125436231688,0.1242722747208409,76.70667547913408,0.11848713845579832,0.027599593675996827
beer,MLP-AE,0.1,2023,6,2,4,19238,300,26.91,0.6043988634592545,0.11369440862996893,0.08675782316306146,1.814012474556459,0.013165237606199818,0.012926418553718354
beer,MLP-AE,0.1,2024,6,2,4,19238,300,25.77,0.6376504068358899,0.10881135807801363,0.07700059547176917,10.066859399438322,0.013165237606199818,0.011839911646781703
beer,MLP-AE,0.1,2025,6,2,4,19238,300,30.48,0.7082046120268042,0.09764489739552931,0.07061772787366391,27.578018167378783,0.013165237606199818,0.009534525987383448
beer,MLP-AE,0.1,2026,6,2,4,19238,300,26.6,0.6006145984846303,0.11423690673420903,0.08337782445502095,0.8747790920629606,0.013165237606199818,0.013050070860200371
beer,MLP-AE,0.1,2027,6,2,4,19238,300,26.03,0.7080098644121159,0.09767747662707861,0.07537924734228704,27.52968289960479,0.013165237606199818,0.009540889440233487
beer,MLP-AE,0.2,2023,6,2,4,19238,300,36.01,0.26438790643180343,0.15503679148695676,0.11478181420865438,54.35629907801511,0.05266095042479927,0.024036406714570104
beer,MLP-AE,0.2,2024,6,2,4,19238,300,42.61,0.28434910528552804,0.15291882455024838,0.11458739445857566,55.59486353133213,0.05266095042479927,0.02338416690182965
beer,MLP-AE,0.2,2025,6,2,4,19238,300,34.55,0.33005117556250074,0.14795551447295407,0.11024721559455457,58.4306130322942,0.05266095042479927,0.021890834262956523
beer,MLP-AE,0.2,2026,6,2,4,19238,300,43.16,0.28958203445734165,0.15235871795937672,0.11531926071224505,55.91955946299579,0.05266095042479927,0.023213178938224905
beer,MLP-AE,0.2,2027,6,2,4,19238,300,33.5,0.3975816722203943,0.1403005681998692,0.10470398672414578,62.62078584146409,0.05266095042479927,0.019684249437206147
beer,MLP-AE,0.3,2023,6,2,4,19238,300,46.36,0.08013284866079717,0.17336957994783003,0.12939900533040563,74.63268026976631,0.11848713845579832,0.03005701125128703
beer,MLP-AE,0.3,2024,6,2,4,19238,300,32.5,0.11852361447332771,0.16971322365746352,0.12743182896966948,75.69138839912735,0.11848713845579832,0.028802578284208236
beer,MLP-AE,0.3,2025,6,2,4,19238,300,30.37,0.13139356224329213,0.16846972373344235,0.12594142357922647,76.04630495367198,0.11848713845579832,0.02838204781482239
beer,MLP-AE,0.3,2026,6,2,4,19238,300,41.14,0.0688159528718355,0.17443278118736563,0.13349976683055573,74.32059247163767,0.11848713845579832,0.030426795152759374
beer,MLP-AE,0.3,2027,6,2,4,19238,300,30.4,0.15773779081141526,0.16589526835640786,0.12465911479113788,76.77280384882332,0.11848713845579832,0.02752124006304458
beer,TinyMLP,0.1,2023,6,2,4,142,300,4.22,0.48737954587200083,0.12942205973208812,0.10274111163753143,-27.229527079770932,0.013165237606199818,0.016750069545296183
beer,TinyMLP,0.1,2024,6,2,4,142,300,3.67,0.44003707832548566,0.13526641413454213,0.1014343170147184,-38.97966250302216,0.013165237606199818,0.01829700279281746
beer,TinyMLP,0.1,2025,6,2,4,142,300,3.56,0.43420670941246287,0.13596879174515622,0.10151430129806002,-40.426727428994205,0.013165237606199818,0.01848751232863766
beer,TinyMLP,0.1,2026,6,2,4,142,300,3.68,0.5201711769797002,0.12521417830173825,0.10058752366498165,-19.090827805463118,0.013165237606199818,0.0156785904477795
beer,TinyMLP,0.1,2027,6,2,4,142,300,3.63,0.5611718664042494,0.11974505095294627,0.09514969124376443,-8.914686210989341,0.013165237606199818,0.014338877227723697
beer,TinyMLP,0.2,2023,6,2,4,142,300,4.52,0.2884169211307812,0.15248360391242097,0.11689123220571353,55.84726581165058,0.05266095042479927,0.023251249462120087
beer,TinyMLP,0.2,2024,6,2,4,142,300,4.1,0.2354155600465394,0.15806039738638253,0.11857028582975948,52.558605531403316,0.05266095042479927,0.024983089221941163
beer,TinyMLP,0.2,2025,6,2,4,142,300,3.71,0.2822568760687194,0.15314219305042762,0.11473058147659326,55.46504363648914,0.05266095042479927,0.023452531292294444
beer,TinyMLP,0.2,2026,6,2,4,142,300,3.97,0.2870071290314099,0.1526345798257008,0.11804273743324588,55.75979018487865,0.05266095042479927,0.02329731495856823
beer,TinyMLP,0.2,2027,6,2,4,142,300,3.84,0.2536444674550067,0.15616482540960702,0.11658518957806716,53.68968372487173,0.05266095042479927,0.024387452695213044
beer,TinyMLP,0.3,2023,6,2,4,142,300,4.04,0.10549602478152909,0.1709627437886039,0.13067836517995282,75.33212452874669,0.11848713845579832,0.029228259763727824
beer,TinyMLP,0.3,2024,6,2,4,142,300,3.73,0.04373785335361757,0.1767660364810438,0.13328387317148369,73.62900981453431,0.11848713845579832,0.031246231653217712
beer,TinyMLP,0.3,2025,6,2,4,142,300,3.64,0.09065739731263767,0.1723749332002563,0.12821259418935352,74.92291738746202,0.11848713845579832,0.029713117595792815
beer,TinyMLP,0.3,2026,6,2,4,142,300,3.66,0.09704920480489576,0.1717680495304764,0.13155927165932454,75.09918525839767,0.11848713845579832,0.02950426283950419
beer,TinyMLP,0.3,2027,6,2,4,142,300,3.86,0.07174841543359112,0.17415790483393853,0.13029251138914685,74.40146144852491,0.11848713845579832,0.030330975816147188
energy,LSTM-AE,0.1,2023,6,2,4,2597,300,135.67,0.6993602809012722,0.09920705080638495,0.0781510987800654,25.24222331493814,0.01316523760619982,0.009842038929700645
energy,LSTM-AE,0.1,2024,6,2,4,2597,300,158.36,0.5616315148818383,0.11979509136239656,0.09935961091386888,-9.005734220602136,0.01316523760619982,0.014350863914524939
energy,LSTM-AE,0.1,2025,6,2,4,2597,300,134.63,0.6032070968262427,0.1139728238658456,0.091761076000466,1.3325473606502825,0.01316523760619982,0.012989804579955066
energy,LSTM-AE,0.1,2026,6,2,4,2597,300,159.82,0.6469799933484877,0.10750261291721736,0.08629410950182113,12.217218331200542,0.01316523760619982,0.011556811784029068
energy,LSTM-AE,0.1,2027,6,2,4,2597,300,131.32,0.5982763179275745,0.11467878369805219,0.09309291840733988,0.10644833123694131,0.01316523760619982,0.013151223430464641
energy,LSTM-AE,0.2,2023,6,2,4,2597,300,109.08,-0.03626913296635803,0.184185586716794,0.1545888381886595,35.57972258276242,0.05266095042479927,0.03392433035420964
energy,LSTM-AE,0.2,2024,6,2,4,2597,300,111.12,0.07725846805580494,0.17380385099810927,0.14286393863730434,42.63723237409057,0.05266095042479927,0.03020777862177297
energy,LSTM-AE,0.2,2025,6,2,4,2597,300,138.6,0.07223255322937272,0.17427653868500195,0.1413248747566246,42.324793436082864,0.05266095042479927,0.03037231193602498
energy,LSTM-AE,0.2,2026,6,2,4,2597,300,158.47,0.1292729135863976,0.1688341859144638,0.14169492248639554,45.87074083650402,0.05266095042479927,0.028504982333399733
energy,LSTM-AE,0.2,2027,6,2,4,2597,300,151.8,0.14844573719335719,0.1669650317691017,0.13963103531053234,47.06263064228887,0.05266095042479927,0.02787732183365714
energy,LSTM-AE,0.3,2023,6,2,4,2597,300,96.71,-0.6303558168245014,0.23102584076211932,0.19822553994382128,54.95465601124724,0.11848713845579832,0.05337293909984411
energy,LSTM-AE,0.3,2024,6,2,4,2597,300,102.26,-0.6392493412169094,0.23165510204338494,0.1990915315399329,54.70893549956859,0.11848713845579832,0.05366408630273109
energy,LSTM-AE,0.3,2025,6,2,4,2597,300,90.96,-0.4729068777396772,0.21958719234629293,0.18530867525982642,59.30483622868841,0.11848713845579832,0.04821853504252785
energy,LSTM-AE,0.3,2026,6,2,4,2597,300,81.29,-0.6389753753924821,0.23163574311141163,0.20077609148305592,54.71650494218665,0.11848713845579832,0.053655117486775886
energy,LSTM-AE,0.3,2027,6,2,4,2597,300,79.06,-0.3271126949462335,0.20843625549344683,0.17879789935708493,63.33300544654736,0.11848713845579832,0.043445672604129446
energy,MLP-AE,0.1,2023,6,2,4,19238,300,34.54,0.7627666095874318,0.08812665145771027,0.06936093572657837,41.00898951120022,0.01316523760619982,0.007766306697148748
energy,MLP-AE,0.1,2024,6,2,4,19238,300,45.45,0.5312599542068598,0.12387549126950688,0.10315126180331434,-16.557997631848977,0.01316523760619982,0.015345137337261675
energy,MLP-AE,0.1,2025,6,2,4,19238,300,37.16,0.5551336809044078,0.12067967280623865,0.09631156953811848,-10.621500836129849,0.01316523760619982,0.014563583428620816
energy,MLP-AE,0.1,2026,6,2,4,19238,300,36.06,0.7035460010263197,0.09851401453323448,0.0788799696789663,26.283054284686703,0.01316523760619982,0.009705011059454333
energy,MLP-AE,0.1,2027,6,2,4,19238,300,32.48,0.7248774151657198,0.09490355529152765,0.07154063733213395,31.587373685298424,0.01316523760619982,0.009006684806972046
energy,MLP-AE,0.2,2023,6,2,4,19238,300,32.33,0.05490398112867101,0.17589655254157657,0.14568686375957604,41.24755260504863,0.05266095042479927,0.030939597196011612
energy,MLP-AE,0.2,2024,6,2,4,19238,300,29.89,0.10663663437990645,0.17101469509418216,0.1386780985832168,44.46354328541808,0.05266095042479927,0.029246025938156086
energy,MLP-AE,0.2,2025,6,2,4,19238,300,33.1,0.1944051794876399,0.162396884559536,0.1271948717045934,49.91972628313272,0.05266095042479927,0.02637274811464326
energy,MLP-AE,0.2,2026,6,2,4,19238,300,28.18,0.162610161436332,0.16557059293449275,0.1358669772410546,47.94317036904487,0.05266095042479927,0.027413621244679498
energy,MLP-AE,0.2,2027,6,2,4,19238,300,32.51,0.3569178218057183,0.1450950504477931,0.11636393628180526,60.02241984881936,0.05266095042479927,0.021052573664447627
energy,MLP-AE,0.3,2023,6,2,4,19238,300,27.09,-0.5832085601377397,0.22766088797838566,0.19686846360596613,56.25729459704855,0.11848713845579832,0.051829479915107064
energy,MLP-AE,0.3,2024,6,2,4,19238,300,26.57,-0.42493751034216753,0.21598185671294887,0.18409699767096205,60.63018903391368,0.11848713845579832,0.046648162429172774
energy,MLP-AE,0.3,2025,6,2,4,19238,300,24.35,-0.36541042693992276,0.21142238529450105,0.17673433288627388,62.274871698170344,0.11848713845579832,0.044699425003616455
energy,MLP-AE,0.3,2026,6,2,4,19238,300,25.43,-0.5556740879567643,0.22567251543964295,0.19253532179687555,57.018048634996255,0.11848713845579832,0.05092808422485588
energy,MLP-AE,0.3,2027,6,2,4,19238,300,27.68,-0.2508093105757121,0.2023554536258394,0.17421739845480738,65.4412030320111,0.11848713845579832,0.04094772961211924
energy,TinyMLP,0.1,2023,6,2,4,142,300,4.03,0.6877341946905547,0.10110708173281834,0.07787801261276008,22.351253488104717,0.01316523760619982,0.010222641976526808
energy,TinyMLP,0.1,2024,6,2,4,142,300,3.91,0.5122825239203308,0.12635822588254175,0.10841006670656603,-21.27696989429566,0.01316523760619982,0.015966401248183444
energy,TinyMLP,0.1,2025,6,2,4,142,300,4.52,0.5926521947056835,0.11547874387040337,0.0918392223514294,-1.2920593214838627,0.01316523760619982,0.013335340285886224
energy,TinyMLP,0.1,2026,6,2,4,142,300,3.79,0.6453241755044712,0.10775443505124076,0.08237074453982554,11.805478787985102,0.01316523760619982,0.011611018273212061
energy,TinyMLP,0.1,2027,6,2,4,142,300,4.07,0.6275997659072707,0.11041404829387257,0.08515941572097373,7.398085584870328,0.01316523760619982,0.012191262060641623
energy,TinyMLP,0.2,2023,6,2,4,142,300,4.03,0.1351234093377841,0.16826602367428917,0.13589577650250545,46.23444033052816,0.05266095042479927,0.02831345472315644
energy,TinyMLP,0.2,2024,6,2,4,142,300,4.09,0.011162769867118283,0.17992096240275324,0.15463889786209423,38.528354595194656,0.05266095042479927,0.03237155271193294
energy,TinyMLP,0.2,2025,6,2,4,142,300,3.78,0.1372145544436636,0.16806247924670356,0.14138787010824722,46.364437590462785,0.05266095042479927,0.028244996930548667
energy,TinyMLP,0.2,2026,6,2,4,142,300,3.88,0.11563410276890596,0.1701513324128895,0.1377690385907622,45.022876176105456,0.05266095042479927,0.028951475921881614
energy,TinyMLP,0.2,2027,6,2,4,142,300,3.67,0.029994348733633047,0.17819950487367742,0.1460384932636125,39.69903072188081,0.05266095042479927,0.031755063537223786
energy,TinyMLP,0.3,2023,6,2,4,142,300,3.85,-0.4364837192030129,0.21685513720486438,0.18430522027124285,60.31117710747679,0.11848713845579832,0.047026150532140557
energy,TinyMLP,0.3,2024,6,2,4,142,300,3.79,-0.5219901351165008,0.22321597850280855,0.19153221622710825,57.94870759111659,0.11848713845579832,0.049825373058966296
energy,TinyMLP,0.3,2025,6,2,4,142,300,3.96,-0.3134999002222725,0.20736448756764958,0.17875770150946663,63.7091153819745,0.11848713845579832,0.04300003070419389
energy,TinyMLP,0.3,2026,6,2,4,142,300,3.79,-0.47210216816255945,0.2195271993959194,0.18682097683492777,59.327069669596355,0.11848713845579832,0.04819219127461575
energy,TinyMLP,0.3,2027,6,2,4,142,300,3.84,-0.534626542909294,0.2241406946350438,0.19120068983804245,57.59957439581373,0.11848713845579832,0.05023905099147995
finance,LSTM-AE,0.1,2023,6,2,4,2597,300,81.8,0.8017887135294246,0.05575701843637525,0.044676167751523735,76.3859552109393,0.013165237606199818,0.003108845104914289
finance,LSTM-AE,0.1,2024,6,2,4,2597,300,85.41,0.7694718322687492,0.06013085113953204,0.04951977727902619,72.53586021826271,0.013165237606199818,0.0036157192587645617
finance,LSTM-AE,0.1,2025,6,2,4,2597,300,81.62,0.8018109241359611,0.055753894416763775,0.04502879491989472,76.38860128759258,0.013165237606199818,0.0031084967426356427
finance,LSTM-AE,0.1,2026,6,2,4,2597,300,81.53,0.7583945565674951,0.061558596472686626,0.05081889885420443,71.21616097606532,0.013165237606199818,0.0037894607996870663
finance,LSTM-AE,0.1,2027,6,2,4,2597,300,83.45,0.7307109823446835,0.06498972107219246,0.053984827391674275,67.91805836415475,0.013165237606199818,0.004223663845041376
finance,LSTM-AE,0.2,2023,6,2,4,2597,300,84.06,0.4509138572333964,0.09280162773970468,0.07305275054702437,83.64605643903634,0.05266095042479927,0.008612142111138725
finance,LSTM-AE,0.2,2024,6,2,4,2597,300,85.11,0.5077431546638528,0.0878680996911448,0.06892366947067481,85.33865628885981,0.05266095042479927,0.007720802943332961
finance,LSTM-AE,0.2,2025,6,2,4,2597,300,84.1,0.3073916667366996,0.10422675299538492,0.08350185328684413,79.3714014799755,0.05266095042479927,0.01086321603996098
finance,LSTM-AE,0.2,2026,6,2,4,2597,300,83.06,0.4436813607830288,0.09341081419388875,0.07518459208029547,83.43064426680738,0.05266095042479927,0.008725580208365207
finance,LSTM-AE,0.2,2027,6,2,4,2597,300,85.23,0.16103831235973376,0.11471135672315419,0.09288183182537181,75.01242333243192,0.05266095042479927,0.013158695361266733
finance,LSTM-AE,0.3,2023,6,2,4,2597,300,99.68,-0.20478235181492654,0.1374642131789474,0.1090378344213059,84.05193158415551,0.11848713845579832,0.018896409904907093
finance,LSTM-AE,0.3,2024,6,2,4,2597,300,102.42,-0.004078623505461065,0.1254929165079798,0.09971561915323551,86.70870754503555,0.11848713845579832,0.015748472093678793
finance,LSTM-AE,0.3,2025,6,2,4,2597,300,93.42,-0.12635620375129886,0.1329147655961738,0.10837919126875042,85.09008222856504,0.11848713845579832,0.017666334913485824
finance,LSTM-AE,0.3,2026,6,2,4,2597,300,100.61,-0.05942706847137269,0.12890533282080566,0.10244591095847252,85.97604343711829,0.11848713845579832,0.016616584829642674
finance,LSTM-AE,0.3,2027,6,2,4,2597,300,92.61,-0.34212622396781023,0.14508818006296895,0.11689702245984722,82.23386920443063,0.11848713845579832,0.0210505799939845
finance,MLP-AE,0.1,2023,6,2,4,19238,300,22.56,0.789234922501282,0.057495608978765635,0.04464613716936318,74.89035024873107,0.013165237606199818,0.0033057450518391156
finance,MLP-AE,0.1,2024,6,2,4,19238,300,22.73,0.6709548420935687,0.0718394674378865,0.06188164640502858,60.79896743125425,0.013165237606199818,0.005160909081759154
finance,MLP-AE,0.1,2025,6,2,4,19238,300,24.58,0.7728917379707896,0.05968316131570204,0.04448928986742252,72.94329315440045,0.013165237606199818,0.003562079744636112
finance,MLP-AE,0.1,2026,6,2,4,19238,300,22.72,0.7780311171402757,0.05900399263885754,0.049199871221857025,73.55557680412203,0.013165237606199818,0.0034814711473263545
finance,MLP-AE,0.1,2027,6,2,4,19238,300,25.08,0.7383417394879995,0.06406230738593577,0.05135843017823604,68.82715412840358,0.013165237606199818,0.00410397922761012
finance,MLP-AE,0.2,2023,6,2,4,19238,300,25.06,0.43049359695694944,0.09451150037017848,0.07247089346638091,83.03786082444923,0.05266095042479927,0.008932423702222247
finance,MLP-AE,0.2,2024,6,2,4,19238,300,22.05,0.4274041915572755,0.09476750225712567,0.07315950131642689,82.94584618847857,0.05266095042479927,0.008980879484054318
finance,MLP-AE,0.2,2025,6,2,4,19238,300,24.96,0.33352289515241496,0.10224167821317068,0.07980218138901099,80.14969217319175,0.05266095042479927,0.01045336076384554
finance,MLP-AE,0.2,2026,6,2,4,19238,300,22.08,0.42947826001676404,0.09459571214063693,0.07389528544616836,83.00762009950307,0.05266095042479927,0.008948348755394245
finance,MLP-AE,0.2,2027,6,2,4,19238,300,24.86,0.2466276089024685,0.1087026676808715,0.08582912303328186,77.56160899942013,0.05266095042479927,0.011816269960937984
finance,MLP-AE,0.3,2023,6,2,4,19238,300,26.43,-0.12813890535785144,0.13301990715104672,0.10531714494828018,85.0664840681641,0.11848713845579832,0.01769429569847309
finance,MLP-AE,0.3,2024,6,2,4,19238,300,25.61,-0.08738914459752123,0.13059539057086192,0.10535520267224004,85.60590097741418,0.11848713845579832,0.01705515603835597
finance,MLP-AE,0.3,2025,6,2,4,19238,300,24.36,-0.7792025614895957,0.1670506037455761,0.1436899261982011,76.44815751696814,0.11848713845579832,0.027905904211761486
finance,MLP-AE,0.3,2026,6,2,4,19238,300,27.23,-0.02095926036586171,0.12654341728449747,0.09716978127261015,86.48525344882711,0.11848713845579832,0.01601323645803845
finance,MLP-AE,0.3,2027,6,2,4,19238,300,26.25,-0.49708549840098315,0.1532352403212964,0.11996941206879305,80.18262641638098,0.11848713845579832,0.023481038876325463
finance,TinyMLP,0.1,2023,6,2,4,142,300,3.93,0.8031106012252028,0.05557078329602979,0.04631565388439835,76.5434392564245,0.013165237606199818,0.003088111956134304
finance,TinyMLP,0.1,2024,6,2,4,142,300,3.75,0.7804941917708826,0.05867571091190684,0.04698452835709237,73.84901697940985,0.013165237606199818,0.0034428390510176632
finance,TinyMLP,0.1,2025,6,2,4,142,300,3.85,0.7877053117667063,0.05770386670589877,0.04842114752946095,74.70811896897264,0.013165237606199818,0.0033297362328121327
finance,TinyMLP,0.1,2026,6,2,4,142,300,3.67,0.7728083558637968,0.059694116555737,0.049995834170652044,72.93335936685388,0.013165237606199818,0.003563387551369914
finance,TinyMLP,0.1,2027,6,2,4,142,300,3.55,0.7200619188558344,0.06626227502225267,0.05609881699242696,66.64937449319585,0.013165237606199818,0.004390689091124649
finance,TinyMLP,0.2,2023,6,2,4,142,300,3.52,0.3855447556058935,0.09817038171325351,0.07996806802794992,81.69910765380449,0.05266095042479927,0.0096374238457259
finance,TinyMLP,0.2,2024,6,2,4,142,300,3.64,0.500681041453988,0.08849615056298833,0.0743015186551155,85.1283187992387,0.05266095042479927,0.0078315686644671
finance,TinyMLP,0.2,2025,6,2,4,142,300,3.59,0.36433998386635336,0.09984993794476645,0.08402852336080252,81.06754620425802,0.05266095042479927,0.00997001010757371
finance,TinyMLP,0.2,2026,6,2,4,142,300,4.26,0.42504119849746436,0.09496284458078239,0.07683958741967123,82.87546696721397,0.05266095042479927,0.009017941850873831
finance,TinyMLP,0.2,2027,6,2,4,142,300,3.63,0.36796840996702906,0.09956455220137897,0.08404804188116541,81.17561499537082,0.05266095042479927,0.009913100055061118
finance,TinyMLP,0.3,2023,6,2,4,142,300,3.81,-0.20944980413292402,0.13773023112258512,0.10942273808287811,83.99014710600228,0.11848713845579832,0.018969616565080713
finance,TinyMLP,0.3,2024,6,2,4,142,300,3.63,0.1330792382101479,0.1166071159298431,0.09616572185246336,88.52430764833744,0.11848713845579832,0.013597219485475869
finance,TinyMLP,0.3,2025,6,2,4,142,300,4.18,-0.11620427957941537,0.13231442494859222,0.1081545165397566,85.2244663196017,0.11848713845579832,0.017507107049476642
finance,TinyMLP,0.3,2026,6,2,4,142,300,3.58,-0.13818340400713325,0.13361077294430357,0.10822586839033736,84.93352200126441,0.11848713845579832,0.01785183864677424
finance,TinyMLP,0.3,2027,6,2,4,142,300,3.8,-0.14253466255710112,0.1338659253339043,0.11134185723913033,84.87592307566148,0.11848713845579832,0.017920085965502437
mackey_glass_tau17,LSTM-AE,0.1,2023,6,2,4,2597,300,128.46,0.9255198176442061,0.060580894836266344,0.04604948459622431,69.52924173635593,0.012044481425136196,0.0036700448191627623
mackey_glass_tau17,LSTM-AE,0.1,2024,6,2,4,2597,300,137.95,0.9328915763364509,0.05750476554935407,0.04657407370793458,72.54511884600473,0.012044481425136196,0.003306798060886178
mackey_glass_tau17,LSTM-AE,0.1,2025,6,2,4,2597,300,133.7,0.9309836194396901,0.05831649426781443,0.046381017587769954,71.76455022305306,0.012044481425136196,0.003400813503688033
mackey_glass_tau17,LSTM-AE,0.1,2026,6,2,4,2597,300,162.46,0.9273721506065188,0.05982282399718965,0.04809323356316638,70.2870539238823,0.012044481425136196,0.0035787702709987293
mackey_glass_tau17,LSTM-AE,0.1,2027,6,2,4,2597,300,112.52,0.9328279788375091,0.05753200723542084,0.04444257854401942,72.51910032731786,0.012044481425136196,0.0033099318565365157
mackey_glass_tau17,LSTM-AE,0.2,2023,6,2,4,2597,300,119.61,0.7848432235196889,0.10296576080814936,0.07672201578156197,77.99417939929876,0.048177925700544785,0.010601947898801025
mackey_glass_tau17,LSTM-AE,0.2,2024,6,2,4,2597,300,104.37,0.7958885786564154,0.10028800031381704,0.07721312294314063,79.12387704390014,0.048177925700544785,0.010057683006944167
mackey_glass_tau17,LSTM-AE,0.2,2025,6,2,4,2597,300,133.3,0.8148850416338572,0.09550719168912372,0.07397504143927389,81.06679868070809,0.048177925700544785,0.009121623664343022
mackey_glass_tau17,LSTM-AE,0.2,2026,6,2,4,2597,300,143.85,0.8041092562522866,0.09824767368268347,0.07667383896515187,79.96467211134018,0.048177925700544785,0.009652605384059054
mackey_glass_tau17,LSTM-AE,0.2,2027,6,2,4,2597,300,154.3,0.8161795719167452,0.095172659396471,0.07066622145029261,81.19920074414027,0.048177925700544785,0.00905783509659668
mackey_glass_tau17,LSTM-AE,0.3,2023,6,2,4,2597,300,95.56,0.6614301522091609,0.12916339670975924,0.10141000754020656,84.60965698661913,0.10840033282622573,0.016683183049602646
mackey_glass_tau17,LSTM-AE,0.3,2024,6,2,4,2597,300,97.73,0.6703622322842567,0.12744822770988232,0.10019134006720107,85.01568184995438,0.10840033282622573,0.016243050746390014
mackey_glass_tau17,LSTM-AE,0.3,2025,6,2,4,2597,300,93.96,0.6949378472849035,0.12260536755560038,0.0969440067109979,86.13281365331095,0.10840033282622573,0.015032076153443865
mackey_glass_tau17,LSTM-AE,0.3,2026,6,2,4,2597,300,91.78,0.66507135656906,0.12846696482249703,0.10037487480424072,84.77517492758854,0.10840033282622573,0.01650376105070469
mackey_glass_tau17,LSTM-AE,0.3,2027,6,2,4,2597,300,96.69,0.6829447006591978,0.12499217536096674,0.09595305174317861,85.58764212789676,0.10840033282622573,0.015623043901466661
mackey_glass_tau17,MLP-AE,0.1,2023,6,2,4,19238,300,47.86,0.9172888717720014,0.06384064861848372,0.05221421302277488,66.16186058850913,0.012044481425136196,0.004075628416028708
mackey_glass_tau17,MLP-AE,0.1,2024,6,2,4,19238,300,32.38,0.9398133686258883,0.05445845757557736,0.04260711485943694,75.37690916836279,0.012044481425136196,0.0029657236015109586
mackey_glass_tau17,MLP-AE,0.1,2025,6,2,4,19238,300,37.9,0.9389414562140607,0.054851503914488904,0.04309613191811981,75.02019908136336,0.012044481425136196,0.0030086874816811914
mackey_glass_tau17,MLP-AE,0.1,2026,6,2,4,19238,300,29.01,0.9438351792190245,0.052607481003893064,0.03972915596520969,77.02228132629068,0.012044481425136196,0.0027675470575749695
mackey_glass_tau17,MLP-AE,0.1,2027,6,2,4,19238,300,33.45,0.9512672872502574,0.04900333211328875,0.036038854706138844,80.06284809245639,0.012044481425136196,0.0024013265582052763
mackey_glass_tau17,MLP-AE,0.2,2023,6,2,4,19238,300,26.98,0.7955621489426479,0.10036816217992114,0.07518513940377712,79.09049044164007,0.048177925700544785,0.010073767979374953
mackey_glass_tau17,MLP-AE,0.2,2024,6,2,4,19238,300,33.14,0.8089906581240004,0.09701583421993934,0.07600354698251492,80.46393249079978,0.048177925700544785,0.009412072089390754
mackey_glass_tau17,MLP-AE,0.2,2025,6,2,4,19238,300,28.01,0.8222777945943985,0.09358067323950608,0.07264843754606344,81.82291521143638,0.048177925700544785,0.00875734240395921
mackey_glass_tau17,MLP-AE,0.2,2026,6,2,4,19238,300,28.1,0.8243961283002623,0.09302129083345616,0.06950302609512761,82.03957430192021,0.048177925700544785,0.008652960548322434
mackey_glass_tau17,MLP-AE,0.2,2027,6,2,4,19238,300,34.07,0.8055992102468336,0.09787332233120005,0.07598375598371987,80.11706173551872,0.048177925700544785,0.009579187224146982
mackey_glass_tau17,MLP-AE,0.3,2023,6,2,4,19238,300,25.26,0.6996570143774524,0.12165334788330387,0.09795491844179961,86.34733246166229,0.10840033282622573,0.014799537051216153
mackey_glass_tau17,MLP-AE,0.3,2024,6,2,4,19238,300,29.86,0.6864183911150842,0.1243055760064056,0.0992674292582839,85.74554540247136,0.10840033282622573,0.01545187622628428
mackey_glass_tau17,MLP-AE,0.3,2025,6,2,4,19238,300,27.77,0.7119685330299907,0.11913388005494739,0.09908398740495959,86.9069761993269,0.10840033282622573,0.014192881376946591
mackey_glass_tau17,MLP-AE,0.3,2026,6,2,4,19238,300,33.28,0.7014054289663955,0.12129873506391632,0.094121838749239,86.42681000648506,0.10840033282622573,0.014713383128106163
mackey_glass_tau17,MLP-AE,0.3,2027,6,2,4,19238,300,26.19,0.7176139486706992,0.11796059069345151,0.09344874451070379,87.16359941527637,0.10840033282622573,0.013914700956747999
mackey_glass_tau17,TinyMLP,0.1,2023,6,2,4,142,300,5.69,0.9276989182299518,0.059688094691618954,0.04508353334141284,70.42073857592102,0.012044481425136196,0.0035626686479156705
mackey_glass_tau17,TinyMLP,0.1,2024,6,2,4,142,300,4.0,0.8774296286534,0.07771557583439603,0.06510270285163372,49.85495419780213,0.012044481425136196,0.006039710727271761
mackey_glass_tau17,TinyMLP,0.1,2025,6,2,4,142,300,4.01,0.9157691498105527,0.06442447831401,0.04739356515957127,65.54012365056711,0.012044481425136196,0.004150513406032345
mackey_glass_tau17,TinyMLP,0.1,2026,6,2,4,142,300,3.92,0.9207799739155205,0.06247881858701189,0.046409735495838676,67.590113395151,0.012044481425136196,0.0039036027720287425
mackey_glass_tau17,TinyMLP,0.1,2027,6,2,4,142,300,4.09,0.9307866339892268,0.058399657971967486,0.04501863281323642,71.68396105352272,0.012044481425136196,0.0034105200512427854
mackey_glass_tau17,TinyMLP,0.2,2023,6,2,4,142,300,3.9,0.8285963838854892,0.09190207313407157,0.07182884183098798,82.46916835142046,0.048177925700544785,0.00844599104634024
mackey_glass_tau17,TinyMLP,0.2,2024,6,2,4,142,300,3.75,0.7572980066562638,0.10935836032291006,0.08927134328495227,75.17690768413428,0.048177925700544785,0.01195925097251543
mackey_glass_tau17,TinyMLP,0.2,2025,6,2,4,142,300,3.58,0.7991634829038488,0.09948020211320692,0.07603198647383098,79.45882794125238,0.048177925700544785,0.009896310612484497
mackey_glass_tau17,TinyMLP,0.2,2026,6,2,4,142,300,4.65,0.8035071422729777,0.09839855092381959,0.07525853745738095,79.90308905350395,0.048177925700544785,0.009682274823907518
mackey_glass_tau17,TinyMLP,0.2,2027,6,2,4,142,300,3.66,0.8271036099278892,0.09230139847918208,0.06884838614015029,82.31649030685351,0.048177925700544785,0.008519548161212755
mackey_glass_tau17,TinyMLP,0.3,2023,6,2,4,142,300,4.77,0.7114783096164166,0.11923521861572926,0.0965031141180208,86.8846921520695,0.10840033282622573,0.01421703735834075
mackey_glass_tau17,TinyMLP,0.3,2024,6,2,4,142,300,3.88,0.6712785651610174,0.12727096301840274,0.10237161859689023,85.0573355216555,0.10840033282622573,0.01619789802763164
mackey_glass_tau17,TinyMLP,0.3,2025,6,2,4,142,300,3.71,0.6731323704531575,0.12691158705865482,0.10167153182886222,85.14160380340658,0.10840033282622573,0.01610655092974652
mackey_glass_tau17,TinyMLP,0.3,2026,6,2,4,142,300,3.86,0.6835832026098743,0.1248662541593979,0.09986921236071901,85.61666646098413,0.10840033282622573,0.015591581427799353
mackey_glass_tau17,TinyMLP,0.3,2027,6,2,4,142,300,3.69,0.71691044787309,0.11810743532108588,0.09283045921078789,87.13162043470253,0.10840033282622573,0.013949366278124483
mackey_glass_tau30,LSTM-AE,0.1,2023,6,2,4,2597,300,96.82,0.8953530924854534,0.0759033436406443,0.06271849937502288,54.76115239195513,0.012735332309404795,0.005761317575829737
mackey_glass_tau30,LSTM-AE,0.1,2024,6,2,4,2597,300,98.61,0.8905997375153293,0.07760807122878575,0.0628728667897256,52.706277515786496,0.012735332309404795,0.006023012719852284
mackey_glass_tau30,LSTM-AE,0.1,2025,6,2,4,2597,300,102.95,0.8856290239592864,0.07935158790854152,0.06510900613707613,50.55743854475614,0.012735332309404795,0.006296674503606992
mackey_glass_tau30,LSTM-AE,0.1,2026,6,2,4,2597,300,91.21,0.9089010976742121,0.07081973220662745,0.05825589517246511,60.61795367432522,0.012735332309404795,0.005015434469818425
mackey_glass_tau30,LSTM-AE,0.1,2027,6,2,4,2597,300,93.66,0.8662577818682579,0.08580882775235078,0.06786865873112236,42.1832525344073,0.012735332309404795,0.007363154920232605
mackey_glass_tau30,LSTM-AE,0.2,2023,6,2,4,2597,300,90.62,0.765761625120824,0.11356035233857009,0.08824131916422914,74.68469351652338,0.05094132923761919,0.012895953623260181
mackey_glass_tau30,LSTM-AE,0.2,2024,6,2,4,2597,300,87.79,0.7609947712807134,0.11471003419604843,0.088307320413349,74.16951590744635,0.05094132923761919,0.0131583919452586
mackey_glass_tau30,LSTM-AE,0.2,2025,6,2,4,2597,300,92.22,0.7527010480609857,0.11668333838680658,0.09047832083133961,73.27317197872489,0.05094132923761919,0.013615001457090012
mackey_glass_tau30,LSTM-AE,0.2,2026,6,2,4,2597,300,100.42,0.7680072837734849,0.11301468608386273,0.09012430946768499,74.92739301902252,0.05094132923761919,0.012772319270634035
mackey_glass_tau30,LSTM-AE,0.2,2027,6,2,4,2597,300,98.28,0.7065000824607359,0.1271164336653494,0.09800718682142608,68.28000378155747,0.05094132923761919,0.01615858770779717
mackey_glass_tau30,LSTM-AE,0.3,2023,6,2,4,2597,300,118.06,0.5607843204505432,0.15550223161156698,0.11831881804052834,78.90301176050866,0.11461799078464319,0.024180944036177425
mackey_glass_tau30,LSTM-AE,0.3,2024,6,2,4,2597,300,110.09,0.5622382459919801,0.15524464053367876,0.11650744856533375,78.97284863445692,0.11461799078464319,0.02410089841443113
mackey_glass_tau30,LSTM-AE,0.3,2025,6,2,4,2597,300,114.57,0.5532871249883479,0.15682378916700548,0.11617573539396323,78.54289655547468,0.11461799078464319,0.02459370084869739
mackey_glass_tau30,LSTM-AE,0.3,2026,6,2,4,2597,300,106.96,0.5875186780244823,0.1506953501516703,0.11428104287641501,80.18715177096165,0.11461799078464319,0.022709088557334514
mackey_glass_tau30,LSTM-AE,0.3,2027,6,2,4,2597,300,109.24,0.5439153082247966,0.15846029349965093,0.11821844055997002,78.09273706151917,0.11461799078464319,0.025109664615995512
mackey_glass_tau30,MLP-AE,0.1,2023,6,2,4,19238,300,25.61,0.9124157693558375,0.06944015280916294,0.05540410202088256,62.137345889286344,0.012735332309404795,0.0048219348221599
mackey_glass_tau30,MLP-AE,0.1,2024,6,2,4,19238,300,27.35,0.884347658350402,0.07979486116168061,0.06462061097990289,50.003504320732816,0.012735332309404795,0.006367219867811885
mackey_glass_tau30,MLP-AE,0.1,2025,6,2,4,19238,300,27.24,0.8925879518596574,0.07689962236280759,0.06143644446987087,53.56578237714792,0.012735332309404795,0.005913551919542417
mackey_glass_tau30,MLP-AE,0.1,2026,6,2,4,19238,300,26.86,0.9140235016735581,0.06879986478678377,0.05629289550353806,62.83236840876001,0.012735332309404795,0.00473342139467973
mackey_glass_tau30,MLP-AE,0.1,2027,6,2,4,19238,300,29.55,0.8981718826000117,0.07487409143822028,0.05835185460744822,55.979715075365924,0.012735332309404795,0.005606129568698972
mackey_glass_tau30,MLP-AE,0.2,2023,6,2,4,19238,300,24.6,0.7737052360881891,0.11161818615950198,0.08550809322280689,75.54319907236187,0.05094132923761919,0.01245861948153724
mackey_glass_tau30,MLP-AE,0.2,2024,6,2,4,19238,300,26.85,0.7334694283340225,0.12113544067847277,0.09794031813939187,71.19471515962822,0.05094132923761919,0.014673794988367798
mackey_glass_tau30,MLP-AE,0.2,2025,6,2,4,19238,300,29.88,0.7433372087914074,0.1188718891278478,0.09112076491285362,72.26117528478582,0.05094132923761919,0.014130526024823339
mackey_glass_tau30,MLP-AE,0.2,2026,6,2,4,19238,300,26.46,0.7955806125163736,0.10608616487427176,0.08300046662371849,77.90737983055985,0.05094132923761919,0.011254274377731173
mackey_glass_tau30,MLP-AE,0.2,2027,6,2,4,19238,300,28.2,0.7458118304535591,0.1182974477869753,0.0904593556374685,72.52861995878655,0.05094132923761919,0.013994286152912148
mackey_glass_tau30,MLP-AE,0.3,2023,6,2,4,19238,300,30.2,0.5551317186560818,0.1564996711183351,0.11718625036162383,78.63149851739631,0.11461799078464319,0.02449214706014705
mackey_glass_tau30,MLP-AE,0.3,2024,6,2,4,19238,300,35.72,0.4931266242702623,0.16705037238869017,0.1271073332177284,75.65318784235838,0.11461799078464319,0.027905826915200056
mackey_glass_tau30,MLP-AE,0.3,2025,6,2,4,19238,300,30.36,0.5294204438500723,0.16095861857126906,0.11604095435137986,77.39650057114554,0.11461799078464319,0.02590767689237128
mackey_glass_tau30,MLP-AE,0.3,2026,6,2,4,19238,300,31.77,0.6482224813353519,0.13916555270471584,0.10500922560081705,83.10295711255489,0.11461799078464319,0.01936705105960904
mackey_glass_tau30,MLP-AE,0.3,2027,6,2,4,19238,300,29.16,0.5605118411816409,0.15555045913038512,0.1180542343474321,78.88992367599987,0.11461799078464319,0.02419594533567361
mackey_glass_tau30,TinyMLP,0.1,2023,6,2,4,142,300,3.77,0.8941283102467351,0.07634623600596296,0.059581165341583545,54.23167915317154,0.012735332309404795,0.005828747752278195
mackey_glass_tau30,TinyMLP,0.1,2024,6,2,4,142,300,3.74,0.8757682691259087,0.08270161227342941,0.0667239207834328,46.29463522067837,0.012735332309404795,0.006839556672624651
mackey_glass_tau30,TinyMLP,0.1,2025,6,2,4,142,300,3.77,0.8921642982292747,0.07705112651756765,0.06314164738996153,53.38263695528425,0.012735332309404795,0.005936876097626217
mackey_glass_tau30,TinyMLP,0.1,2026,6,2,4,142,300,3.65,0.9097054145412997,0.07050640355608884,0.05604537430897597,60.96565977518343,0.012735332309404795,0.004971152942414057
mackey_glass_tau30,TinyMLP,0.1,2027,6,2,4,142,300,3.82,0.8877998235441041,0.07859492034567987,0.06373109452889808,51.49587498724277,0.012735332309404795,0.0061771615041437645
mackey_glass_tau30,TinyMLP,0.2,2023,6,2,4,142,300,3.81,0.7354091733383041,0.12069383853070297,0.09245930190922273,71.40435305226008,0.05094132923761919,0.014567002659275399
mackey_glass_tau30,TinyMLP,0.2,2024,6,2,4,142,300,3.74,0.7160275410060957,0.125036215189241,0.0963774216111388,69.30968362461823,0.05094132923761919,0.01563405510885018
mackey_glass_tau30,TinyMLP,0.2,2025,6,2,4,142,300,3.76,0.7201083814671204,0.12413454449096685,0.09390655577486891,69.75072035497594,0.05094132923761919,0.01540938513597983
mackey_glass_tau30,TinyMLP,0.2,2026,6,2,4,142,300,3.68,0.7331886360100952,0.12119923251277234,0.09295243676746034,71.1643685362703,0.05094132923761919,0.014689253961685054
mackey_glass_tau30,TinyMLP,0.2,2027,6,2,4,142,300,4.04,0.7511205904551409,0.11705559909708621,0.09012557113101326,73.1023640626576,0.05094132923761919,0.01370201327997777
mackey_glass_tau30,TinyMLP,0.3,2023,6,2,4,142,300,3.87,0.538790177644173,0.15934813397903225,0.12335194465082046,77.84656001315837,0.11461799078464319,0.02539182780259961
mackey_glass_tau30,TinyMLP,0.3,2024,6,2,4,142,300,3.83,0.5150872115107146,0.16339152531485276,0.12443546177644099,76.70802780440026,0.11461799078464319,0.026696790544714168
mackey_glass_tau30,TinyMLP,0.3,2025,6,2,4,142,300,3.76,0.5226925860128445,0.1621051447476999,0.12107423925157727,77.07333920811188,0.11461799078464319,0.026278077953672742
mackey_glass_tau30,TinyMLP,0.3,2026,6,2,4,142,300,3.6,0.5361633430468409,0.15980127575083886,0.12283963618773117,77.72038442064797,0.11461799078464319,0.02553644773159564
mackey_glass_tau30,TinyMLP,0.3,2027,6,2,4,142,300,3.7,0.5588551403782478,0.15584336596322676,0.11852428456095622,78.81034683256524,0.11461799078464319,0.02428715471474822
