dataset,sigma,model,n_seeds,delta_test_mean,delta_test_sd,n_params
mackey_glass_tau17,0.1,LSTM-AE (tuned),5,72.2596,2.1102,2597
mackey_glass_tau17,0.1,LSTM-AE (untuned),5,71.329,1.2174,2597
mackey_glass_tau17,0.1,MLP-AE (tuned),5,79.1574,3.8553,19238
mackey_glass_tau17,0.1,MLP-AE (untuned),5,74.7288,4.6392,19238
mackey_glass_tau17,0.1,QAE,5,30.7036,12.81,144
mackey_glass_tau17,0.1,TinyMLP (tuned),5,71.1711,0.6076,142
mackey_glass_tau17,0.1,TinyMLP (untuned),5,65.018,7.8795,142
mackey_glass_tau17,0.2,LSTM-AE (tuned),5,78.1184,1.1987,2597
mackey_glass_tau17,0.2,LSTM-AE (untuned),5,79.8697,1.2069,2597
mackey_glass_tau17,0.2,MLP-AE (tuned),5,80.3165,2.1004,19238
mackey_glass_tau17,0.2,MLP-AE (untuned),5,80.7068,1.0992,19238
mackey_glass_tau17,0.2,QAE,5,68.9767,1.9179,144
mackey_glass_tau17,0.2,TinyMLP (tuned),5,80.7372,1.4438,142
mackey_glass_tau17,0.2,TinyMLP (untuned),5,79.8649,2.6433,142
mackey_glass_tau17,0.3,LSTM-AE (tuned),5,84.812,0.556,2597
mackey_glass_tau17,0.3,LSTM-AE (untuned),5,85.2242,0.5622,2597
mackey_glass_tau17,0.3,MLP-AE (tuned),5,85.6496,0.5509,19238
mackey_glass_tau17,0.3,MLP-AE (untuned),5,86.5181,0.4904,19238
mackey_glass_tau17,0.3,QAE,5,79.0014,0.907,144
mackey_glass_tau17,0.3,TinyMLP (tuned),5,85.3696,1.0726,142
mackey_glass_tau17,0.3,TinyMLP (untuned),5,85.9664,0.8752,142
mackey_glass_tau30,0.1,LSTM-AE (tuned),5,65.8299,2.9155,34949
mackey_glass_tau30,0.1,LSTM-AE (untuned),5,52.1652,6.0117,2597
mackey_glass_tau30,0.1,MLP-AE (tuned),5,65.0976,3.4836,19238
mackey_glass_tau30,0.1,MLP-AE (untuned),5,56.9037,4.9426,19238
mackey_glass_tau30,0.1,QAE,5,41.1302,6.8995,144
mackey_glass_tau30,0.1,TinyMLP (tuned),5,59.0674,2.4988,142
mackey_glass_tau30,0.1,TinyMLP (untuned),5,53.2741,4.7321,142
mackey_glass_tau30,0.2,LSTM-AE (tuned),5,73.9024,1.3228,34949
mackey_glass_tau30,0.2,LSTM-AE (untuned),5,73.067,2.4597,2597
mackey_glass_tau30,0.2,MLP-AE (tuned),5,74.7394,1.6779,19238
mackey_glass_tau30,0.2,MLP-AE (untuned),5,73.887,2.4756,19238
mackey_glass_tau30,0.2,QAE,5,65.2772,2.2413,144
mackey_glass_tau30,0.2,TinyMLP (tuned),5,72.6732,0.89,142
mackey_glass_tau30,0.2,TinyMLP (untuned),5,70.9463,1.3427,142
mackey_glass_tau30,0.3,LSTM-AE (tuned),5,79.5086,0.2985,34949
mackey_glass_tau30,0.3,LSTM-AE (untuned),5,78.9397,0.6976,2597
mackey_glass_tau30,0.3,MLP-AE (tuned),5,78.9018,0.267,19238
mackey_glass_tau30,0.3,MLP-AE (untuned),5,78.7348,2.4659,19238
mackey_glass_tau30,0.3,QAE,5,73.6594,3.1052,144
mackey_glass_tau30,0.3,TinyMLP (tuned),5,78.5084,0.6072,142
mackey_glass_tau30,0.3,TinyMLP (untuned),5,77.6317,0.7222,142
energy,0.1,LSTM-AE (tuned),5,25.3968,15.0271,34949
energy,0.1,LSTM-AE (untuned),5,5.9785,11.7525,2597
energy,0.1,MLP-AE (tuned),5,26.8646,13.7641,19238
energy,0.1,MLP-AE (untuned),5,14.34,23.3628,19238
energy,0.1,TinyMLP (tuned),5,19.0064,16.3676,142
energy,0.1,TinyMLP (untuned),5,3.7972,14.6695,142
energy,0.2,LSTM-AE (tuned),5,41.4849,5.912,34949
energy,0.2,LSTM-AE (untuned),5,42.695,3.9982,2597
energy,0.2,MLP-AE (tuned),5,42.8633,6.9027,19238
energy,0.2,MLP-AE (untuned),5,48.7193,6.3835,19238
energy,0.2,TinyMLP (tuned),5,44.0708,5.4537,142
energy,0.2,TinyMLP (untuned),5,43.1698,3.3651,142
energy,0.3,LSTM-AE (tuned),5,60.4263,4.7401,34949
energy,0.3,LSTM-AE (untuned),5,57.4036,3.4424,2597
energy,0.3,MLP-AE (tuned),5,61.2905,5.5578,19238
energy,0.3,MLP-AE (untuned),5,60.3243,3.3927,19238
energy,0.3,TinyMLP (tuned),5,61.3247,4.4195,142
energy,0.3,TinyMLP (untuned),5,59.7791,2.1924,142
finance,0.1,LSTM-AE (tuned),5,74.2526,1.2813,34949
finance,0.1,LSTM-AE (untuned),5,72.8889,3.2283,2597
finance,0.1,MLP-AE (tuned),5,74.1758,1.7693,19238
finance,0.1,MLP-AE (untuned),5,70.2031,5.1196,19238
finance,0.1,TinyMLP (tuned),5,71.928,2.4074,142
finance,0.1,TinyMLP (untuned),5,72.9367,3.3618,142
finance,0.2,LSTM-AE (tuned),5,78.431,0.9117,34949
finance,0.2,LSTM-AE (untuned),5,81.3598,3.7307,2597
finance,0.2,MLP-AE (tuned),5,78.8034,2.65,19238
finance,0.2,MLP-AE (untuned),5,81.3405,2.1879,19238
finance,0.2,TinyMLP (tuned),5,79.9721,1.6002,142
finance,0.2,TinyMLP (untuned),5,82.3892,1.5123,142
finance,0.3,LSTM-AE (tuned),5,82.7127,0.9746,34949
finance,0.3,LSTM-AE (untuned),5,84.8121,1.5655,2597
finance,0.3,MLP-AE (tuned),5,83.8357,1.5092,19238
finance,0.3,MLP-AE (untuned),5,82.7577,3.8413,19238
finance,0.3,TinyMLP (tuned),5,83.6219,1.5578,142
finance,0.3,TinyMLP (untuned),5,85.5097,1.5628,142
